<?xml version="1.0" encoding="utf-8"?>
<Window size="420,60" sizebox="4,4,6,6" roundcorner="5,5" caption="0,0,0,36" mininfo="420,60" maxinfo="420,60">
  <Font id="0" name="宋体" size="13" bold="true" />
  <Font id="1" name="宋体" size="13"  />
  <Default name="VScrollBar" value="button1normalimage=&quot;file='scroll.png' source='0,0,16,16'&quot; button1hotimage=&quot;file='scroll.png' source='0,0,16,16' mask='#FFFF00FF'&quot; button1pushedimage=&quot;file='scroll.png' source='0,16,16,32' mask='#FFFF00FF'&quot; button1disabledimage=&quot;file='scroll.png' source='0,0,16,16' mask='#FFFF00FF'&quot; button2normalimage=&quot;file='scroll.png' source='0,32,16,48' mask='#FFFF00FF'&quot; button2hotimage=&quot;file='scroll.png' source='0,32,16,48' mask='#FFFF00FF'&quot; button2pushedimage=&quot;file='scroll.png' source='0,48,16,64' mask='#FFFF00FF'&quot; button2disabledimage=&quot;file='scroll.png' source='0,32,16,48' mask='#FFFF00FF'&quot; thumbnormalimage=&quot;file='scroll.png' source='0,64,16,80' corner='2,2,2,2' mask='#FFFF00FF'&quot; thumbhotimage=&quot;file='scroll.png' source='0,64,16,80' corner='2,2,2,2' mask='#FFFF00FF'&quot; thumbpushedimage=&quot;ffile='scroll.png' source='0,64,16,80' corner='2,2,2,2' mask='#FFFF00FF'&quot; thumbdisabledimage=&quot;file='scroll.png' source='0,64,16,80' corner='2,2,2,2' mask='#FFFF00FF'&quot; railnormalimage=&quot;file='scroll.png' source='0,80,16,96' corner='2,2,2,2' mask='#FFFF00FF'&quot; railhotimage=&quot;file='scroll.png' source='0,80,16,96' corner='2,2,2,2' mask='#FFFF00FF'&quot; railpushedimage=&quot;file='scroll.png' source='0,96,16,112' corner='2,2,2,2' mask='#FFFF00FF'&quot; raildisabledimage=&quot;file='scroll.png' source='0,80,16,96' corner='2,2,2,2' mask='#FFFF00FF'&quot; bknormalimage=&quot;file='scroll.png' source='0,128,16,146' corner='2,2,2,2' mask='#FFFF00FF'&quot; bkhotimage=&quot;file='scroll.png' source='0,128,16,146' corner='2,2,2,2' mask='#FFFF00FF'&quot; bkpushedimage=&quot;file='scroll.png' source='0,128,16,146' corner='2,2,2,2' mask='#FFFF00FF'&quot; bkdisabledimage=&quot;file='scroll.png' source='0,128,16,146' corner='2,2,2,2' mask='#FFFF00FF'&quot; " />
  <VerticalLayout bkcolor="#FFD1E8F5" bkcolor2="#FFC6E0F1" bordercolor="#FF768D9B" bordersize="1" borderround="5,5" inset="1,0,1,0">
    <HorizontalLayout height="24">
      <HorizontalLayout>
        <Container width="22" height="22" bkimage="file='ico/logo.png' source='0,0,16,16' dest='5,4,21,20' " />
        <Text text="创建多路径文件夹" width="150" padding="0,6,0,0"  textcolor="#FF447AA1" font="0" />
      </HorizontalLayout>
      <HorizontalLayout width="46" inset="0,1,0,0" >
        <Button name="closebtn" maxwidth="45" maxheight="17" normalimage="file='sys_dlg_close.png' source='90,0,135,17'" hotimage="file='sys_dlg_close.png' source='45,0,90,17'" pushedimage="file='sys_dlg_close.png' source='0,0,45,17'"/>
      </HorizontalLayout>
    </HorizontalLayout>
    <HorizontalLayout height="27" padding="0,0,0,0"  >
      <Label text="路径：" width="42" font="1" textcolor="#FF333333" align="right" padding="6,5,0,0" />
      <Combo name="comRootPath" bkcolor="#FFFFFFFF" bordercolor="#FFC6CFD8" textpadding="6,0,3,0" bordersize="1" font="2" width="53" height="25" style="combo_style" cursor="hand" showshadow="true" textcolor="#FF333333"    padding="0,0,0,0"
             normalimage="file='button/cbx_Down.png' source='0,0,27,26' dest='24,3,51,29'" >
      </Combo>
      <Edit name="txtPath" font="1" width="200" height="25" bordersize="1" bordercolor="FFDDDDDD" padding="6,0,0,0" tipvalue="请输入目标路径"
        textcolor="#FF515151" />
      <Button name="btnSelect" text="选择" font="0" padding="6,1,0,0" maxwidth="63" maxheight="23" normalimage="file='button.png' source='0,0,63,23'" hotimage="file='button.png' source='0,23,63,46'" pushedimage="file='button.png' source='0,23,63,46'"/>
    </HorizontalLayout >
  </VerticalLayout>
</Window>