<?xml version="1.0" encoding="utf-8"?>
<Window size="900,630" sizebox="4,4,6,6" roundcorner="5,5" caption="0,0,0,90" mininfo="800,570">
<Style name="combo_style" value="height=&quot;23&quot; textcolor=&quot;#FFFFFFFF&quot; itemvalign=&quot;vcenter&quot; textpadding=&quot;4,1,28,1&quot; normalimage=&quot;res='common/combo.png' source='93,3,243,26' corner='2,2,28,2'&quot; pushedimage=&quot;res='common/combo.png' source='0,59,243,80' corner='2,2,28,2'&quot;" />
  
  <VerticalLayout bkcolor="#FFD1E8F5" bkcolor2="#FFC6E0F1" bordercolor="#FF768D9B" bordersize="1" borderround="5,5" inset="1,0,1,0">
    <Control height="25" bkcolor="#FFB8DFF2"/>
    <HorizontalLayout>
      <Control width="5"/>
      <HorizontalLayout bkcolor="#FFFFFFFF" bordercolor="#FF768D9B" bordersize="1">
        <TabLayout name="tabSystemContainer">
          <HorizontalLayout inset="6,30,6,6">
            <VerticalLayout   >
              <HorizontalLayout height="30" padding="12,5,0,0" >
                <Label text="开机启动" width="150" font="5" textcolor="#FF333333" align="right" padding="0,0,0,0" />
                <CheckBox name="chkAutoStart" text="" font="5"   style="chk_style" width="0" autocalcwidth="true" padding="12,8,0,0"/>
              </HorizontalLayout>
              <HorizontalLayout height="30" padding="12,5,0,0" >
                <Label text="创建桌面快捷方式" width="150" font="5" textcolor="#FF333333" align="right" padding="0,0,0,0" />
                <CheckBox name="chkCreateDeskLink" text="" font="5"   style="chk_style" width="0" autocalcwidth="true" padding="12,8,0,0"/>
              </HorizontalLayout>
              <HorizontalLayout height="30" padding="12,5,0,0" >
                <Label text="自动保存临时便签" width="150" font="5" textcolor="#FF333333" align="right" padding="0,0,0,0" />
                <CheckBox name="chkAutoSaveTempTip" text="" font="5" selected="true"  style="chk_style" width="0" autocalcwidth="true" padding="12,8,0,0"/>
              </HorizontalLayout>
              <HorizontalLayout height="30" padding="12,5,0,0" visible="false">
                <Label text="自动清理便签" width="150" font="5" textcolor="#FF333333" align="right" padding="0,0,0,0" />
                <CheckBox name="chkAutoClearTip" text="" font="5" selected="true"  style="chk_style" width="0" autocalcwidth="true" padding="12,8,0,0"/>
                <Combo name="cbxClearTipDate" font="2" itemfont="2" height="20" width="100" itemtextpadding="6,0,3,0" style="combo_style" cursor="hand" bordersize="1" bordercolor="FFDDDDDD"  showshadow="true" textcolor="#FF333333"  >
                  <ListLabelElement text="一个月以前" selected="true"/>
                  <ListLabelElement text="三个月以前" />
                  <ListLabelElement text="半年以前"  />
                </Combo>
              </HorizontalLayout>
              <HorizontalLayout height="30" padding="12,5,0,0" visible="false">
                <Label  text="开启个人记事" width="150" font="5" textcolor="#FF333333" align="right" padding="0,0,0,0" />
                <CheckBox name="chkPersonEnable" text="" font="5"   style="chk_style" width="0" autocalcwidth="true" padding="12,8,0,0"/>
              </HorizontalLayout>
              <HorizontalLayout height="30" padding="12,5,0,0" >
                <Label text="开启周记事提醒" width="150" font="5" textcolor="#FF333333" align="right" padding="0,0,0,0" />
                <CheckBox name="chkWeeklyEnable" text="" font="5"   style="chk_style" width="0" autocalcwidth="true" padding="12,8,0,0"/>
                <Combo visible="false" name="cbxWeekHour" font="5" width="53" style="combo_style"  itemtextpadding="6,0,3,0" cursor="hand" bordersize="1" bordercolor="FFDDDDDD"  showshadow="true" textcolor="#FF333333" padding="6,5,0,0" >
                </Combo> 
                <Combo visible="false" name="cbxWeekMin" font="5" width="53" style="combo_style"  itemtextpadding="3,0,3,0" cursor="hand" bordersize="1" bordercolor="FFDDDDDD"  showshadow="true" textcolor="#FF333333" padding="6,5,0,0" >
                </Combo>
              </HorizontalLayout> 
            </VerticalLayout>
            <VerticalLayout   >
                <HorizontalLayout height="30" padding="12,5,0,0" >
                  <Label text="显示主窗体热键" width="120" font="5" textcolor="#FF333333" align="right" padding="0,0,0,0" />
                  <HotKey name="txtHotShowMain"  bordersize="1" bordercolor="#FFDDDDDD"   font="5" textcolor="#FF333333" width="180" textpadding="6,0,3,0" height="25"  padding="6,3,0,0" />
                  <Label text="回车保存" width="60" font="2" textcolor="#FF666666" align="right" padding="0,0,0,0" />
                </HorizontalLayout>
                <HorizontalLayout height="30" padding="12,5,0,0" >
                  <Label text="添加便签信息热键" width="120" font="5" textcolor="#FF333333" align="right" padding="0,0,0,0" />
                  <HotKey name="txtHotAddTip"  bordersize="1" bordercolor="#FFDDDDDD"   font="5" textcolor="#FF333333" width="180" textpadding="6,0,3,0" height="25"  padding="6,3,0,0" />
                  <Label text="回车保存" width="60" font="2" textcolor="#FF666666" align="right" padding="0,0,0,0" />
                </HorizontalLayout>
                <HorizontalLayout height="30" padding="12,5,0,0" >
                  <Label text="信息查询热键" width="120" font="5" textcolor="#FF333333" align="right" padding="0,0,0,0" />
                  <HotKey name="txtHotInfoQuery"  bordersize="1" bordercolor="#FFDDDDDD"   font="5" textcolor="#FF333333" width="180" textpadding="6,0,3,0" height="25"  padding="6,3,0,0" />
                  <Label text="回车保存" width="60" font="2" textcolor="#FF666666" align="right" padding="0,0,0,0" />
                </HorizontalLayout>
                 <HorizontalLayout height="30" padding="12,5,0,0" >
                  <Label text="常用项目热键" width="120" font="5" textcolor="#FF333333" align="right" padding="0,0,0,0" />
                  <HotKey name="txtHotProgramQuery"  bordersize="1" bordercolor="#FFDDDDDD"   font="5" textcolor="#FF333333" width="180" textpadding="6,0,3,0" height="25"  padding="6,3,0,0" />
                  <Label text="回车保存" width="60" font="2" textcolor="#FF666666" align="right" padding="0,0,0,0" />
              </HorizontalLayout>
               <HorizontalLayout height="30" padding="12,5,0,0" >
                  <Label text="临时便签热键" width="120" font="5" textcolor="#FF333333" align="right" padding="0,0,0,0" />
                  <HotKey name="txtHotTempTip"  bordersize="1" bordercolor="#FFDDDDDD"   font="5" textcolor="#FF333333" width="180" textpadding="6,0,3,0" height="25"  padding="6,3,0,0" />
                  <Label text="回车保存" width="60" font="2" textcolor="#FF666666" align="right" padding="0,0,0,0" />
              </HorizontalLayout>
               <HorizontalLayout height="30" padding="12,5,0,0" >
                  <Label text="复制保存便签热键" width="120" font="5" textcolor="#FF333333" align="right" padding="0,0,0,0" />
                  <HotKey name="txtHotCopySaveTip"  bordersize="1" bordercolor="#FFDDDDDD"   font="5" textcolor="#FF333333" width="180" textpadding="6,0,3,0" height="25"  padding="6,3,0,0" />
                  <Label text="回车保存" width="60" font="2" textcolor="#FF666666" align="right" padding="0,0,0,0" />
              </HorizontalLayout>
              <HorizontalLayout height="30" padding="12,5,0,0" >
                  <Label text="连续复制热键" width="120" font="5" textcolor="#FF333333" align="right" padding="0,0,0,0" />
                  <HotKey name="txtGetCopy"  bordersize="1" bordercolor="#FFDDDDDD"   font="5" textcolor="#FF333333" width="180" textpadding="6,0,3,0" height="25"  padding="6,3,0,0" />
                  <Label text="回车保存" width="60" font="2" textcolor="#FF666666" align="right" padding="0,0,0,0" />
              </HorizontalLayout>
            </VerticalLayout> 
          </HorizontalLayout>
          <HorizontalLayout>
            <VerticalLayout  inset="6,30,6,6"  >
              <HorizontalLayout height="30" padding="12,5,0,0"   bordersize="1" bottombordercolor="#FFDDDDDD">
                <Button textcolor="#FF494949" name="btnDataBackup"  text="数据库备份" font="0" padding="100,0,0,0" width="120" height="23" normalimage="file='button.png' source='0,0,63,23'" hotimage="file='button.png' source='0,23,63,46'" pushedimage="file='button.png' source='0,23,63,46'"/>
                <Button textcolor="#FF494949" name="btnDataRevert"  text="数据库还原" font="0" padding="60,0,0,0" width="120" height="23" normalimage="file='button.png' source='0,0,63,23'" hotimage="file='button.png' source='0,23,63,46'" pushedimage="file='button.png' source='0,23,63,46'"/>
              </HorizontalLayout>
               <HorizontalLayout height="30" padding="12,5,0,0"   bordersize="1" bottombordercolor="#FFDDDDDD">
                <Button textcolor="#FF494949" name="btnDataInput"  text="数据库导入" font="0" padding="100,0,0,0" width="120" height="23" normalimage="file='button.png' source='0,0,63,23'" hotimage="file='button.png' source='0,23,63,46'" pushedimage="file='button.png' source='0,23,63,46'"/>                
                <Button textcolor="#FF494949" name="btnAllDataClear" visible="false"  text="数据库清理" font="0" padding="60,0,0,0" width="120" height="23" normalimage="file='button.png' source='0,0,63,23'" hotimage="file='button.png' source='0,23,63,46'" pushedimage="file='button.png' source='0,23,63,46'"/> 
              </HorizontalLayout>
            </VerticalLayout>
          </HorizontalLayout>
          <VerticalLayout>
            <HorizontalLayout height="30" padding="12,20,0,0" >
              <Label name="labShowMainWindow" text="Alt + M" width="120" font="5" textcolor="#FF333333" align="right" />
              <Label text="显示主窗体" font="5" textcolor="#FF333333" padding="12,0,0,0" />
            </HorizontalLayout>
            <HorizontalLayout height="30" padding="12,6,0,0" >
              <Label name="labShowAddTipWindow" text="Alt + N" width="120" font="5" textcolor="#FF333333" align="right" />
              <Label text="弹出便签窗口" font="5" textcolor="#FF333333" padding="12,0,0,0" />
            </HorizontalLayout>
            <HorizontalLayout height="30" padding="12,6,0,0" >
              <Label name="labShowQueryInfoWindow" text="Ctrl + Q" width="120" font="5" textcolor="#FF333333" align="right" />
              <Label text="弹出信息查询窗口"  font="5" textcolor="#FF333333" padding="12,0,0,0" />
            </HorizontalLayout>
            <HorizontalLayout height="30" padding="12,6,0,0" >
              <Label name="labShowProgramQueryWindow" text="Ctrl + W" width="120" font="5" textcolor="#FF333333" align="right" />
              <Label text="弹出常用项目查询窗口" font="5" textcolor="#FF333333" padding="12,0,0,0" />
            </HorizontalLayout>
            <HorizontalLayout height="30" padding="12,6,0,0" >
              <Label name="labShowTipWindow" text="Ctrl + E" width="120" font="5" textcolor="#FF333333" align="right" />
              <Label text="弹出临时便签窗口" font="5" textcolor="#FF333333" padding="12,0,0,0" />
            </HorizontalLayout>
            <HorizontalLayout height="30" padding="12,6,0,0" >
              <Label name="labAddTipInfo" text="Ctrl + B" width="120" font="5" textcolor="#FF333333" align="right" />
              <Label text="快捷保存便签信息到数据库" font="5" textcolor="#FF333333" padding="12,0,0,0" />
            </HorizontalLayout>
            <HorizontalLayout height="30" padding="12,6,0,0" >
              <Label name="labShowCopyInfo" text="Alt + C" width="120" font="5" textcolor="#FF333333" align="right" />
              <Label text="弹出连续复制信息显示的窗口" font="5" textcolor="#FF333333" padding="12,0,0,0" />
            </HorizontalLayout>
             <HorizontalLayout height="30" padding="12,6,0,0" >
              <Label name="labInfoCopyTemp" text="Ctrl + T" width="120" font="5" textcolor="#FF333333" align="right" />
              <Label text="将信息切换到临时窗口" font="5" textcolor="#FF333333" padding="12,0,0,0" />
            </HorizontalLayout>
            <HorizontalLayout height="30" padding="12,6,0,0" >
              <Label name="lab" text="Ctrl + ←" width="120" font="5" textcolor="#FF333333" align="right" />
              <Label text="在临时便签窗口上向左切换到下一个窗口" font="5" textcolor="#FF333333" padding="12,0,0,0" />
            </HorizontalLayout>
             <HorizontalLayout height="30" padding="12,6,0,0" >
              <Label name="labRight" text="Ctrl + →" width="120" font="5" textcolor="#FF333333" align="right" />
              <Label text="在临时便签窗口上向右切换到下一个窗口" font="5" textcolor="#FF333333" padding="12,0,0,0" />
            </HorizontalLayout>
            <HorizontalLayout height="30" padding="12,6,0,0" >
              <Label name="labLeft" text="Ctrl + Shift + E" width="120" font="5" textcolor="#FF333333" align="right" />
              <Label text="在使用连续复制窗口时，使用该快捷键停用/启用复制文本信息到窗口功能" font="5" textcolor="#FF333333" padding="12,0,0,0" />
            </HorizontalLayout> 
            <HorizontalLayout height="30" padding="12,6,0,0" >
              <Label name="labEsc" text="Esc" width="120" font="5" textcolor="#FF333333" align="right"  />
              <Label text="所有弹出窗口的关闭快捷键" font="5" textcolor="#FF333333" padding="12,0,0,0" />
            </HorizontalLayout>
          </VerticalLayout>
          <VerticalLayout>
            <Text text="开发工具" pos="335, 180, 600, 300" relativepos="50,50,0,0"  float="true" font="4" />
          </VerticalLayout>
          <VerticalLayout>
            <Text text="备用1" pos="335, 180, 600, 300" relativepos="50,50,0,0"  float="true" font="4" />
          </VerticalLayout>
        </TabLayout>
      </HorizontalLayout>
      <Control width="5"/>
    </HorizontalLayout>
    <HorizontalLayout   float="true" pos="1,0,799,26" name="navSystem">
      <Option navType="navSystemBtn" text="选项"  pos="6, 0, 84, 26" float="true" textcolor="#FF386382" font="2" normalimage="tabbar_normal.png" hotimage="tabbar_hover.png" pushedimage="tabbar_pushed.png" selectedimage="tabbar_pushed.png" group="navSystemBtn" selected="true"/>
      <Option navType="navSystemBtn" text="数据" pos="86, 0, 164, 26" float="true" textcolor="#FF386382" font="2" normalimage="tabbar_normal.png" hotimage="tabbar_hover.png" pushedimage="tabbar_pushed.png" selectedimage="tabbar_pushed.png" group="navSystemBtn"/>
      <Option navType="navSystemBtn" text="说明" pos="166, 0, 244, 26" float="true" textcolor="#FF386382" font="2" normalimage="tabbar_normal.png" hotimage="tabbar_hover.png" pushedimage="tabbar_pushed.png" selectedimage="tabbar_pushed.png" group="navSystemBtn"/>
      <Option navType="navSystemBtn" visible="false" pos="246, 0, 324, 26" float="true" text="个人记事" textcolor="#FF386382" font="2" normalimage="tabbar_normal.png" hotimage="tabbar_hover.png" pushedimage="tabbar_pushed.png" selectedimage="tabbar_pushed.png" group="navSystemBtn"/>
      <Option navType="navSystemBtn" visible="false" pos="326, 0, 404, 26" float="true" text="备用1" textcolor="#FF386382" font="2" normalimage="tabbar_normal.png" hotimage="tabbar_hover.png" pushedimage="tabbar_pushed.png" selectedimage="tabbar_pushed.png" group="navSystemBtn"/>
    </HorizontalLayout>
  </VerticalLayout>
</Window>