﻿<?xml version="1.0" encoding="UTF-8"?>
<Window size="360,192" caption="0,0,0,30" roundcorner="0,0" >
	<Font id="1" name="微软雅黑" size="14" bold="true" italic="false" />
	<Font id="2" name="微软雅黑" size="14" bold="false" italic="false" />
	<VerticalLayout inset="1,1,1,1" bkcolor="#FFFFFFFF" bordercolor="#FFDDDDDD" bordersize="1">
		<HorizontalLayout height="36" inset="1,1,0,1"  bkcolor="#FFFFFFFF" childvalign="center" bordercolor="#FFDDDDDD" bottombordersize="1">
			<Text name="title" font="2"  textcolor="#FF666666" text="提示" padding="6,6,0,0"/>
			<Button name="btnClose" padding="0,0,0,0" width="30" maxheight="30" tooltip="点击退出" normalimage="file='button/btnClose_x_normal.png'" hotimage="file='button/btnClose_x_hot.png'" pushedimage="file='button/btnClose_x_hot.png'"/>
		</HorizontalLayout> 
		<HorizontalLayout inset="20,21,20,0">
			<HorizontalLayout width="45" childvalign="vcenter" inset="1,1,0,0">
				<Label name="icon" width="40" height="40"  bkimage="file='info.png'" />
			</HorizontalLayout>
			<HorizontalLayout inset="1,1,0,0" >
				<Text name="message" font="1" childvalign="vcenter"  text="" textcolor="#FF696969" padding="0,9,0,0" />
			</HorizontalLayout>
		</HorizontalLayout>
		<HorizontalLayout bkcolor="#FFFFFFFF"  childalign="center" height="81" childvalign="vcenter" >			 
			<Button name="btnOk" text="确定" bkimage="button/btn.png"  height="30" width="90" padding="135,0,10,5" font="1" textcolor="#FF696969" bordercolor="#FFCEE4FA" bordersize="0" hottextcolor="#FF02A7A0" />			
			<Button name="btnCancal" text="否" bkimage="button/btn.png" visible="false"  height="30"  width="90" padding="21,0,10,5" font="1" textcolor="#FF696969" bordercolor="#FFCEE4FA" bordersize="0" hottextcolor="#FF02A7A0" />			
		</HorizontalLayout>		
	</VerticalLayout>
</Window>