<?xml version="1.0" encoding="utf-8"?>
<Window  showshadow="true"  bktrans="true">
  <Font name="微软雅黑" size="12" bold="false" default="true" />
  <Font shared="true" id="30" name="微软雅黑" size="12" bold="true"/>
  <!-- Menu样式 -->
  <Default name="Menu" shared="true" value="itemfont=&quot;30&quot; bordersize=&quot;1&quot; borderround=&quot;4,4&quot; bordercolor=&quot;0xFFCCCCCC&quot; inset=&quot;2,2,2,2&quot; itemtextpadding=&quot;30,0,0,0&quot; bkimage=&quot;file='menu/menu_bk.png' corner='26,2,2,2' source='6,6,44,24'&quot; itemhottextcolor=&quot;0xFFFF0000&quot; itemselectedbkcolor=&quot;0xFFCFE7F4&quot;" />
  <!-- ExplandIcon样式 -->
  <Default name="ExplandIcon" shared="true" value="menu/menu_expand.png" /> 
  <Menu>
    <MenuElement name="btnTempTip" text="临时便签" />
    <MenuElement name="btnTextEditor" text="文本编辑器" />
    <MenuElement name="btnCopy" text="复制文件" />
    <MenuElement name="btnCreateFloder" text="创建文件夹" />
    <MenuElement linetype="true" />
    <MenuElement name="btnShow" text="显示" />       
    <MenuElement name="btnExit" text="退出"/>
  </Menu>
</Window>